"","Site","Lambda","FertilityA1","FertilityA2","SurvivalJuv","SurvivalA1"
"1","Treasure Island",1.02535589273674,22.944373478771,56.6449546989043,0.0265884839024407,0.110349832709118
"2","Crystal Cove",0.14662570905682,21.5363841956316,57.4181377955028,0.000254257627871011,0.0973735422861542
"3","Shaws Cove",0.986888239117081,23.1225247174881,56.9262757833632,0.0248329406125543,0.102676465704323
